,trial,n,r,order,SNR,mode,slices,alpha,beta,delta,gamma,time,adaptive,inner_als,rel_error,matrix budget,total budget,revealed,post_als_rel_error,just_als_rel_error
0,0,100,5,4,inf,deli,2,2.0,0.5,8.0,0.6,364.42258110269904,False,False,0.0167687251116206,6000,19946,0.00019946,0.0010644890807829,0.1170674949501184
1,1,100,5,4,inf,deli,2,2.0,0.5,8.0,0.6,329.6508773267269,False,False,0.0014797936542664,6000,19958,0.00019958,0.0003980928079899,0.110539130810423
2,2,100,5,4,inf,deli,2,2.0,0.5,8.0,0.6,365.7775563113392,False,False,0.0072666767055255,6000,19948,0.00019948,0.0020503704644765,0.1190562295024796
3,3,100,5,4,inf,deli,2,2.0,0.5,8.0,0.6,347.54506877437234,False,False,0.0036170051253623,6000,19953,0.00019953,0.00092173767491,0.1154482636053193
4,4,100,5,4,inf,deli,2,2.0,0.5,8.0,0.6,330.1700346060097,False,False,0.0011236462823209,6000,19955,0.00019955,0.0005224783086255,0.1153520810593983
5,5,100,5,4,inf,deli,2,2.0,0.5,8.0,0.6,330.47432693839073,False,False,0.0011077448810507,6000,19942,0.00019942,0.0001096605415989,0.1028326804027958
6,6,100,5,4,inf,deli,2,2.0,0.5,8.0,0.6,365.8046125173569,False,False,0.0082137349730658,6000,19948,0.00019948,0.002001093159928,0.1062557626719157
7,7,100,5,4,inf,deli,2,2.0,0.5,8.0,0.6,329.9625878147781,False,False,0.0009472777909036,6000,19957,0.00019957,0.0001968265035335,0.1177553890445634
8,8,100,5,4,inf,deli,2,2.0,0.5,8.0,0.6,364.277256347239,False,False,0.001972679465014,6000,19959,0.00019959,0.000669075307548,0.1118589629351874
9,9,100,5,4,inf,deli,2,2.0,0.5,8.0,0.6,329.2446629367769,False,False,0.0006841628903893,6000,19949,0.00019949,4.776087109634577e-05,0.1080638351131166
10,0,100,10,4,inf,deli,2,2.0,0.5,8.0,0.2,568.7726720077917,False,False,0.1123935906636469,2000,19970,0.0001997,0.0252410934435754,0.1171794038780169
11,1,100,10,4,inf,deli,2,2.0,0.5,8.0,0.2,532.1698385626078,False,False,0.484749023189544,2000,19976,0.00019976,0.0555097448094888,0.1218862462070832
12,2,100,10,4,inf,deli,2,2.0,0.5,8.0,0.2,516.7945431442931,False,False,0.1827344065696053,2000,19965,0.00019965,0.0326890546716551,0.1195871500369765
13,3,100,10,4,inf,deli,2,2.0,0.5,8.0,0.2,431.4181066667661,False,False,0.1095883025532271,2000,19966,0.00019966,0.0318607070017102,0.1146972355818313
14,4,100,10,4,inf,deli,2,2.0,0.5,8.0,0.2,428.8850575741381,False,False,0.1095613914367717,2000,19966,0.00019966,0.0488245209263214,0.1193156625496386
15,5,100,10,4,inf,deli,2,2.0,0.5,8.0,0.2,402.0967001104728,False,False,0.1381354785879157,2000,19962,0.00019962,0.0311654061905478,0.1189230758137717
16,6,100,10,4,inf,deli,2,2.0,0.5,8.0,0.2,257.2045791056007,False,False,0.7094685337128532,2000,19975,0.00019975,0.0296695092660441,0.1156363870071422
17,7,100,10,4,inf,deli,2,2.0,0.5,8.0,0.2,317.1482806187123,False,False,0.1180094098605037,2000,19966,0.00019966,0.0348177195933529,0.1149318588296521
18,8,100,10,4,inf,deli,2,2.0,0.5,8.0,0.2,317.29594583343714,False,False,0.2844869987603971,2000,19966,0.00019966,0.0236679738111492,0.1232831839494438
19,9,100,10,4,inf,deli,2,2.0,0.5,8.0,0.2,284.46339164767414,False,False,0.3473045467197306,2000,19955,0.00019955,0.0360356340966646,0.1174363218162109
20,0,100,10,4,inf,deli,2,2.0,0.5,8.0,0.6,393.52677938342094,False,False,0.0038276357540027,6000,27894,0.00027894,0.001365235722768,0.1169564386146723
21,1,100,10,4,inf,deli,2,2.0,0.5,8.0,0.6,393.3164789862931,False,False,0.0109006200132271,6000,27911,0.00027911,0.0012587791815832,0.1217173427641103
22,2,100,10,4,inf,deli,2,2.0,0.5,8.0,0.6,394.3680830337107,False,False,0.0254871284487814,6000,27915,0.00027915,0.0096305129460941,0.1201791139116763
23,3,100,10,4,inf,deli,2,2.0,0.5,8.0,0.6,393.0865753553808,False,False,0.0290266251961935,6000,27913,0.00027913,0.0056916264572138,0.1166135704033572
24,4,100,10,4,inf,deli,2,2.0,0.5,8.0,0.6,392.0821851305664,False,False,0.0137783375153165,6000,27914,0.00027914,0.0010443149526871,0.1214033109551789
25,5,100,10,4,inf,deli,2,2.0,0.5,8.0,0.6,396.0331320203841,False,False,0.0058328572808808,6000,27909,0.00027909,0.0007883741562302,0.1102391827169072
26,6,100,10,4,inf,deli,2,2.0,0.5,8.0,0.6,391.8860075026751,False,False,0.0134079512341205,6000,27891,0.00027891,0.0028498996527443,0.1190667070071531
27,7,100,10,4,inf,deli,2,2.0,0.5,8.0,0.6,392.15522024035454,False,False,0.0067645431397105,6000,27909,0.00027909,0.0021887193411253,0.1283237529937578
28,8,100,10,4,inf,deli,2,2.0,0.5,8.0,0.6,392.03314589336514,False,False,0.1264393848291214,6000,27903,0.00027903,0.0139221448501074,0.1275633633938575
29,9,100,10,4,inf,deli,2,2.0,0.5,8.0,0.6,391.2751242034137,False,False,0.0103858443690529,6000,27901,0.00027901,0.0017282766017369,0.1203925805981942
30,0,100,10,4,inf,deli,2,2.0,0.5,8.0,0.3,448.8481424149941,False,False,0.1692334408729121,3000,21943,0.00021943,0.022405044652609,0.115228412504443
31,1,100,10,4,inf,deli,2,2.0,0.5,8.0,0.3,419.9314352090005,False,False,0.0680595207762899,3000,21947,0.00021947,0.0130620855151088,0.1167144630502367
32,2,100,10,4,inf,deli,2,2.0,0.5,8.0,0.3,448.3749043539865,False,False,0.0236070736454548,3000,21944,0.00021944,0.0069622722896317,0.1227206956426979
33,3,100,10,4,inf,deli,2,2.0,0.5,8.0,0.3,449.5766159060295,False,False,0.5268706464545052,3000,21953,0.00021953,0.0355127548023072,0.1101157714939466
34,4,100,10,4,inf,deli,2,2.0,0.5,8.0,0.3,447.8873673459748,False,False,0.247938863292481,3000,21959,0.00021959,0.0173309649486837,0.1141131228183278
35,5,100,10,4,inf,deli,2,2.0,0.5,8.0,0.3,449.1783032779931,False,False,0.5337340972263482,3000,21953,0.00021953,0.0087649178845545,0.1209025967587674
36,6,100,10,4,inf,deli,2,2.0,0.5,8.0,0.3,455.1547772759805,False,False,0.0911662799329605,3000,21944,0.00021944,0.0209061731220539,0.1150028335633646
37,7,100,10,4,inf,deli,2,2.0,0.5,8.0,0.3,451.9622245050268,False,False,0.247097063920787,3000,21955,0.00021955,0.0203029684781781,0.1185088382422463
38,8,100,10,4,inf,deli,2,2.0,0.5,8.0,0.3,458.59885625197785,False,False,1.5688585767852234,3000,21952,0.00021952,0.0615257840084887,0.1252839537190189
39,9,100,10,4,inf,deli,2,2.0,0.5,8.0,0.3,451.555610055977,False,False,0.3248723356914506,3000,21963,0.00021963,0.0338056795825725,0.1216159086650658
40,0,100,5,4,inf,deli,2,2.0,0.5,8.0,0.4,334.40672171860933,False,False,0.0018867950073481,4000,15960,0.0001596,0.000573449329687,0.1126914456338068
41,1,100,5,4,inf,deli,2,2.0,0.5,8.0,0.4,369.18088983371854,False,False,0.0286437954895093,4000,15963,0.00015963,0.0061627890835547,0.1103340986608151
42,2,100,5,4,inf,deli,2,2.0,0.5,8.0,0.4,334.397492993623,False,False,0.0004957533656229,4000,15977,0.00015977,0.0001730161571748,0.1119938760283196
43,3,100,5,4,inf,deli,2,2.0,0.5,8.0,0.4,370.1800149902701,False,False,0.0062476572469839,4000,15969,0.00015969,0.0017199793768029,0.1125401423296549
44,4,100,5,4,inf,deli,2,2.0,0.5,8.0,0.4,332.5208422988653,False,False,0.0055790878786597,4000,15968,0.00015968,0.0018072481118061,0.116608039462629
45,5,100,5,4,inf,deli,2,2.0,0.5,8.0,0.4,334.0925956442952,False,False,0.000344051946219,4000,15970,0.0001597,0.0001449581177221,0.10969831981326
46,6,100,5,4,inf,deli,2,2.0,0.5,8.0,0.4,370.0661144927144,False,False,0.0234658017466939,4000,15964,0.00015964,0.0152629369043296,0.1151214836105554
47,7,100,5,4,inf,deli,2,2.0,0.5,8.0,0.4,335.392788939178,False,False,0.0004489614520514,4000,15974,0.00015974,7.638135631967162e-05,0.1137494562976754
48,8,100,5,4,inf,deli,2,2.0,0.5,8.0,0.4,332.9080725982785,False,False,0.0003051076326847,4000,15967,0.00015967,3.347875472515801e-05,0.110715254766008
49,9,100,5,4,inf,deli,2,2.0,0.5,8.0,0.4,332.0631385445595,False,False,0.0027533856295689,4000,15966,0.00015966,0.0005759463068364,0.110979101770235
50,0,100,5,4,inf,deli,2,2.0,0.5,8.0,0.5,350.5902789719403,False,False,0.0048488063464639,5000,17959,0.00017959,0.0009208341136762,0.1162184534126943
51,1,100,5,4,inf,deli,2,2.0,0.5,8.0,0.5,357.71810417994857,False,False,0.0063347361778012,5000,17954,0.00017954,0.0018579963245652,0.1138840499270095
52,2,100,5,4,inf,deli,2,2.0,0.5,8.0,0.5,410.7717362046242,False,False,0.0015267111944335,5000,17955,0.00017955,0.0005285216493582,0.1143691020402631
53,3,100,5,4,inf,deli,2,2.0,0.5,8.0,0.5,412.1852785162628,False,False,0.0875254583713242,5000,17947,0.00017947,0.0127162897147485,0.1173733623459766
54,4,100,5,4,inf,deli,2,2.0,0.5,8.0,0.5,365.0627186782658,False,False,0.0045917380750404,5000,17959,0.00017959,0.000238236002349,0.1136854201654134
55,5,100,5,4,inf,deli,2,2.0,0.5,8.0,0.5,348.4070567190647,False,False,0.0004951705112876,5000,17956,0.00017956,0.0002056475922532,0.1119201284699912
56,6,100,5,4,inf,deli,2,2.0,0.5,8.0,0.5,349.1597649715841,False,False,0.0072045387036743,5000,17951,0.00017951,0.0002926772869651,0.1109608780958467
57,7,100,5,4,inf,deli,2,2.0,0.5,8.0,0.5,413.8859644792974,False,False,0.0042784534620992,5000,17968,0.00017968,0.0005168426021088,0.113247854454901
58,8,100,5,4,inf,deli,2,2.0,0.5,8.0,0.5,346.9719510525465,False,False,0.0021453974032862,5000,17955,0.00017955,0.000566034688748,0.1112604888524109
59,9,100,5,4,inf,deli,2,2.0,0.5,8.0,0.5,347.4299056120217,False,False,0.0023646373735516,5000,17956,0.00017956,0.0003617885507984,0.1113187582308593
60,0,100,5,4,inf,deli,2,2.0,0.5,8.0,0.1,271.13889912329614,True,False,0.1751889693492052,1000,9943,9.943e-05,0.0618999269194939,0.1168969887166253
61,1,100,5,4,inf,deli,2,2.0,0.5,8.0,0.1,166.34106655791402,True,False,0.2266336465335788,1000,9955,9.955e-05,0.0807554130186345,0.1093859401447561
62,2,100,5,4,inf,deli,2,2.0,0.5,8.0,0.1,382.19821675494313,True,False,0.1418430365185142,1000,9954,9.954e-05,0.0397843384566579,0.113985098936526
63,3,100,5,4,inf,deli,2,2.0,0.5,8.0,0.1,252.20689908787608,True,False,0.220873371979646,1000,9952,9.952e-05,0.0422407967510679,0.1112389290296447
64,4,100,5,4,inf,deli,2,2.0,0.5,8.0,0.1,364.1380921564996,True,False,0.2317634846023077,1000,9946,9.946e-05,0.0867845566472244,0.119625486296119
65,5,100,5,4,inf,deli,2,2.0,0.5,8.0,0.1,248.8971402719617,True,False,0.8648404608142816,1000,9950,9.95e-05,0.071701136888452,0.1176085617809275
66,6,100,5,4,inf,deli,2,2.0,0.5,8.0,0.1,243.35127974301577,True,False,0.51690774292557,1000,9942,9.942e-05,0.0835264196558583,0.1136145398794206
67,7,100,5,4,inf,deli,2,2.0,0.5,8.0,0.1,292.1798030715436,True,False,0.1956901079070294,1000,9951,9.951e-05,0.0504014780267483,0.112801553208445
68,8,100,5,4,inf,deli,2,2.0,0.5,8.0,0.1,274.20237416401505,True,False,0.1641643062397573,1000,9944,9.944e-05,0.0543068544573135,0.1111226168448404
69,9,100,5,4,inf,deli,2,2.0,0.5,8.0,0.1,233.2303172107786,True,False,0.3391083654943997,1000,9952,9.952e-05,0.0818335376791959,0.1189461835130418
70,0,100,5,4,inf,deli,2,2.0,0.5,8.0,0.8,466.9958235118538,False,False,0.0054984885002219,8000,23934,0.00023934,0.0002208416791667,0.1080807854707051
71,1,100,5,4,inf,deli,2,2.0,0.5,8.0,0.8,480.43632533214986,False,False,0.6277710357753938,8000,23935,0.00023935,0.1102195385938077,0.1153256250855168
72,2,100,5,4,inf,deli,2,2.0,0.5,8.0,0.8,405.9504380598664,False,False,0.0003006649342344,8000,23903,0.00023903,9.342757699915052e-05,0.1205177955896799
73,3,100,5,4,inf,deli,2,2.0,0.5,8.0,0.8,406.6525988951325,False,False,0.0001493241382695,8000,23935,0.00023935,4.942996534903136e-05,0.1164098394054083
74,4,100,5,4,inf,deli,2,2.0,0.5,8.0,0.8,406.01905722916126,False,False,0.0008710346800064,8000,23935,0.00023935,0.0001881397294013,0.1087247113444426
75,5,100,5,4,inf,deli,2,2.0,0.5,8.0,0.8,476.3064395580441,False,False,0.0031715710122272,8000,23922,0.00023922,0.0011416782779748,0.1088362908783176
76,6,100,5,4,inf,deli,2,2.0,0.5,8.0,0.8,405.3579503595829,False,False,0.0004034337754578,8000,23930,0.0002393,0.0001032723741735,0.1132573495315766
77,7,100,5,4,inf,deli,2,2.0,0.5,8.0,0.8,405.829550486058,False,False,0.0003624261067459,8000,23935,0.00023935,0.0001373807647912,0.1099079891710563
78,8,100,5,4,inf,deli,2,2.0,0.5,8.0,0.8,482.2947499062866,False,False,0.0037814901635087,8000,23930,0.0002393,0.0007353877046346,0.1147953214063921
79,9,100,5,4,inf,deli,2,2.0,0.5,8.0,0.8,407.5829487331212,False,False,0.0012628720791571,8000,23924,0.00023924,0.0001419680887189,0.1081570851546486
80,0,100,10,4,inf,deli,2,2.0,0.5,8.0,0.5,415.5247496403754,True,False,0.0194589873808941,5000,25837,0.00025837,0.0094209777124194,0.1229201023834302
81,1,100,10,4,inf,deli,2,2.0,0.5,8.0,0.5,417.38571313396096,True,False,0.0160995265262525,5000,25828,0.00025828,0.0027250924865046,0.1244035643368841
82,2,100,10,4,inf,deli,2,2.0,0.5,8.0,0.5,419.5699361171573,True,False,0.0145358924710907,5000,25850,0.0002585,0.0069574995729289,0.1261971603651635
83,3,100,10,4,inf,deli,2,2.0,0.5,8.0,0.5,415.0023758895695,True,False,0.0089108390503323,5000,25853,0.00025853,0.005462533058165,0.1137812083006964
84,4,100,10,4,inf,deli,2,2.0,0.5,8.0,0.5,415.2185896746814,True,False,0.0696239827402201,5000,25845,0.00025845,0.0134348804108041,0.117274967050497
85,5,100,10,4,inf,deli,2,2.0,0.5,8.0,0.5,415.0645392071456,True,False,0.0019418672243058,5000,25840,0.0002584,0.000512655503069,0.1201205763189367
86,6,100,10,4,inf,deli,2,2.0,0.5,8.0,0.5,415.2053811009973,True,False,0.5631130770355823,5000,25845,0.00025845,0.0039698009590503,0.1252206345652387
87,7,100,10,4,inf,deli,2,2.0,0.5,8.0,0.5,413.56081591919065,True,False,0.0016972941376224,5000,25848,0.00025848,0.0004923371290969,0.1193165641951512
88,8,100,10,4,inf,deli,2,2.0,0.5,8.0,0.5,415.2287652473897,True,False,0.0012843328827595,5000,25843,0.00025843,0.0005021929750324,0.1182513936760191
89,9,100,10,4,inf,deli,2,2.0,0.5,8.0,0.5,415.1607770565897,True,False,1.9446558654707005,5000,25835,0.00025835,0.0039184987214102,0.1199245242774108
90,0,100,15,4,inf,deli,2,2.0,0.5,8.0,0.8,434.1370181683451,True,False,0.0033012228266493,8000,39685,0.00039685,0.0011826467328569,0.1172136990247204
91,1,100,15,4,inf,deli,2,2.0,0.5,8.0,0.8,436.4581229789183,True,False,0.0227453981225253,8000,39692,0.00039692,0.0032224358865402,0.1259763477567991
92,2,100,15,4,inf,deli,2,2.0,0.5,8.0,0.8,429.0096908053383,True,False,0.0084681587621738,8000,39688,0.00039688,0.0024371744609462,0.130803153326253
93,3,100,15,4,inf,deli,2,2.0,0.5,8.0,0.8,434.4334158916026,True,False,0.0051810416489025,8000,39682,0.00039682,0.0023590779556204,0.1193909856766233
94,4,100,15,4,inf,deli,2,2.0,0.5,8.0,0.8,421.9801187552512,True,False,0.0104830086261764,8000,39670,0.0003967,0.0032253187125489,0.1145979749141948
95,5,100,15,4,inf,deli,2,2.0,0.5,8.0,0.8,444.1996851675213,True,False,0.0168597245394702,8000,39693,0.00039693,0.0074993403696922,0.1188015428984083
96,6,100,15,4,inf,deli,2,2.0,0.5,8.0,0.8,442.6774788303301,True,False,0.0031256116807529,8000,39692,0.00039692,0.0011396635079645,0.1167523516801844
97,7,100,15,4,inf,deli,2,2.0,0.5,8.0,0.8,440.2846475085244,True,False,0.0163623916487043,8000,39691,0.00039691,0.0040946853182929,0.1211066715806568
98,8,100,15,4,inf,deli,2,2.0,0.5,8.0,0.8,440.9388382816687,True,False,0.0152633529505207,8000,39686,0.00039686,0.0027158723340711,0.1178599262572541
99,9,100,15,4,inf,deli,2,2.0,0.5,8.0,0.8,440.3222190970555,True,False,0.0126086559538049,8000,39691,0.00039691,0.0033500203608608,0.1197141916649588
100,0,100,15,4,inf,deli,2,2.0,0.5,8.0,0.2,402.4943075794727,True,False,0.056487167081937,2000,27827,0.00027827,0.0269582685301938,0.1245790839734848
101,1,100,15,4,inf,deli,2,2.0,0.5,8.0,0.2,253.8284460119903,True,False,1.5080859869829757,2000,27836,0.00027836,0.0553913028128363,0.1226834124932321
102,2,100,15,4,inf,deli,2,2.0,0.5,8.0,0.2,361.9773093983531,True,False,2.6054649622497044,2000,27824,0.00027824,0.0352148444065244,0.1222487281997521
103,3,100,15,4,inf,deli,2,2.0,0.5,8.0,0.2,367.74324945919216,True,False,0.1190654857623842,2000,27831,0.00027831,0.0226901441016117,0.1288489835697711
104,4,100,15,4,inf,deli,2,2.0,0.5,8.0,0.2,353.20648808404803,True,False,0.9013705460590246,2000,27839,0.00027839,0.0427114486953583,0.1255292951861149
105,5,100,15,4,inf,deli,2,2.0,0.5,8.0,0.2,259.66751434095204,True,False,0.2026751905135655,2000,27830,0.0002783,0.0353066921100133,0.1179508197761511
106,6,100,15,4,inf,deli,2,2.0,0.5,8.0,0.2,294.74562217853963,True,False,0.1173419696344632,2000,27832,0.00027832,0.0175289082593714,0.1184367975192642
107,7,100,15,4,inf,deli,2,2.0,0.5,8.0,0.2,410.9813418649137,True,False,0.3855664594900256,2000,27838,0.00027838,0.0498633994522245,0.1205335173851577
108,8,100,15,4,inf,deli,2,2.0,0.5,8.0,0.2,305.3016047850251,True,False,2.810806682998216,2000,27842,0.00027842,0.0425796894072162,0.1218222653225787
109,9,100,15,4,inf,deli,2,2.0,0.5,8.0,0.2,440.8712982200086,True,False,1.06561432427441,2000,27824,0.00027824,0.0196887734062781,0.1249957777752707
110,0,100,5,4,inf,deli,2,2.0,0.5,8.0,0.7,483.731817685999,True,False,0.0011588317347679,7000,21898,0.00021898,0.0004371399051177,0.1099493095476283
111,1,100,5,4,inf,deli,2,2.0,0.5,8.0,0.7,482.8119137249887,True,False,0.0019388588586012,7000,21902,0.00021902,0.0004205884185002,0.1074321598816212
112,2,100,5,4,inf,deli,2,2.0,0.5,8.0,0.7,486.15172735601664,True,False,0.0361261145324601,7000,21901,0.00021901,0.0060799544859164,0.1116755638223685
113,3,100,5,4,inf,deli,2,2.0,0.5,8.0,0.7,480.221849642694,True,False,0.00307701170834,7000,21904,0.00021904,0.0008236163627062,0.1116983124878938
114,4,100,5,4,inf,deli,2,2.0,0.5,8.0,0.7,482.0096600614488,True,False,0.0017355859167927,7000,21912,0.00021912,0.000424780723727,0.1226166770003461
115,5,100,5,4,inf,deli,2,2.0,0.5,8.0,0.7,484.90293895453215,True,False,0.0065718618461125,7000,21900,0.000219,0.0028123709308574,0.1199272529586517
116,6,100,5,4,inf,deli,2,2.0,0.5,8.0,0.7,482.13670957461,True,False,0.042335418849607,7000,21907,0.00021907,0.010908022497877,0.1102623017098264
117,7,100,5,4,inf,deli,2,2.0,0.5,8.0,0.7,407.6432444751263,True,False,0.0011014574383447,7000,21905,0.00021905,0.0004001248008689,0.1150696293533483
118,8,100,5,4,inf,deli,2,2.0,0.5,8.0,0.7,486.1459983587265,True,False,0.0172658975935042,7000,21900,0.000219,0.0006204385402404,0.1117977627076958
119,9,100,5,4,inf,deli,2,2.0,0.5,8.0,0.7,491.201981049031,True,False,0.0015105385597345,7000,21906,0.00021906,0.0008471392263735,0.1107384963340605
120,0,100,10,4,inf,deli,2,2.0,0.5,8.0,0.4,441.308291509049,False,False,0.0123405621204893,4000,23928,0.00023928,0.0036935236271132,0.1214986393615164
121,1,100,10,4,inf,deli,2,2.0,0.5,8.0,0.4,433.9065548770013,False,False,0.17242080364069,4000,23943,0.00023943,0.0089829645900701,0.1145253118549475
122,2,100,10,4,inf,deli,2,2.0,0.5,8.0,0.4,439.9393497259589,False,False,0.0252195395442167,4000,23936,0.00023936,0.0022057200970726,0.1221329056920161
123,3,100,10,4,inf,deli,2,2.0,0.5,8.0,0.4,362.6480228709988,False,False,0.0047685370872212,4000,23934,0.00023934,0.0010945394353939,0.1120521431293724
124,4,100,10,4,inf,deli,2,2.0,0.5,8.0,0.4,438.5945494620246,False,False,0.0351274418343692,4000,23920,0.0002392,0.0134233649270626,0.11767906417176
125,5,100,10,4,inf,deli,2,2.0,0.5,8.0,0.4,430.876537685981,False,False,0.0086591057677736,4000,23955,0.00023955,0.0010374878406327,0.1185468951752849
126,6,100,10,4,inf,deli,2,2.0,0.5,8.0,0.4,435.03923374798615,False,False,0.0037106904685062,4000,23961,0.00023961,0.0006547198986967,0.1242366647877138
127,7,100,10,4,inf,deli,2,2.0,0.5,8.0,0.4,430.9566274759709,False,False,0.038154862968134,4000,23932,0.00023932,0.0051980954884527,0.1202925089317498
128,8,100,10,4,inf,deli,2,2.0,0.5,8.0,0.4,435.0154535929905,False,False,0.0045456123757374,4000,23931,0.00023931,0.0009590317452376,0.1191231074652262
129,9,100,10,4,inf,deli,2,2.0,0.5,8.0,0.4,433.0955994860269,False,False,0.0284944078526382,4000,23933,0.00023933,0.0101773533033302,0.1118656546639052
130,0,100,15,4,inf,deli,2,2.0,0.5,8.0,0.3,690.1528216842562,True,False,0.0477419220354412,3000,29796,0.00029796,0.0135630911550509,0.1159014227023066
131,1,100,15,4,inf,deli,2,2.0,0.5,8.0,0.3,538.0223608594388,True,False,0.2483440993063187,3000,29806,0.00029806,0.0279032235187423,0.1185761372771643
132,2,100,15,4,inf,deli,2,2.0,0.5,8.0,0.3,380.61265070550144,True,False,0.0401028841233378,3000,29816,0.00029816,0.0158297285097565,0.1205298037420623
133,3,100,15,4,inf,deli,2,2.0,0.5,8.0,0.3,424.9799058847129,True,False,0.1596263330385454,3000,29805,0.00029805,0.0294544812694132,0.1231343575049891
134,4,100,15,4,inf,deli,2,2.0,0.5,8.0,0.3,354.3952249996364,True,False,0.7087609270833725,3000,29798,0.00029798,0.0323475771481877,0.1182144883686949
135,5,100,15,4,inf,deli,2,2.0,0.5,8.0,0.3,394.3803738486022,True,False,0.0621494785357009,3000,29804,0.00029804,0.0199048873505864,0.1106104109352807
136,6,100,15,4,inf,deli,2,2.0,0.5,8.0,0.3,384.65931827761233,True,False,0.4981441117777465,3000,29804,0.00029804,0.0523389460674008,0.1236065505297343
137,7,100,15,4,inf,deli,2,2.0,0.5,8.0,0.3,471.8540464602411,True,False,0.55913348753364,3000,29823,0.00029823,0.0484643453669693,0.1115559548212999
138,8,100,15,4,inf,deli,2,2.0,0.5,8.0,0.3,409.54199077002704,True,False,0.2081415996525625,3000,29797,0.00029797,0.031442123024008,0.1141563408739608
139,9,100,15,4,inf,deli,2,2.0,0.5,8.0,0.3,469.66638757660985,True,False,0.0596210678089711,3000,29811,0.00029811,0.0129771582055155,0.1186104622970801
140,0,100,10,4,inf,deli,2,2.0,0.5,8.0,0.5,521.9460859410465,False,False,0.0147639421838068,5000,25924,0.00025924,0.0060742590728462,0.1175765352202656
141,1,100,10,4,inf,deli,2,2.0,0.5,8.0,0.5,454.8603479415178,False,False,0.1142505937092958,5000,25930,0.0002593,0.0127974534212386,0.1137094834788133
142,2,100,10,4,inf,deli,2,2.0,0.5,8.0,0.5,472.7107885703445,False,False,0.0108686895673198,5000,25917,0.00025917,0.0042282771140704,0.1122938252578865
143,3,100,10,4,inf,deli,2,2.0,0.5,8.0,0.5,478.1809716448188,False,False,0.003074338771984,5000,25924,0.00025924,0.0009700625747119,0.1244014819523444
144,4,100,10,4,inf,deli,2,2.0,0.5,8.0,0.5,473.4790604971349,False,False,0.180507178825406,5000,25906,0.00025906,0.0154027104543667,0.1115574190169424
145,5,100,10,4,inf,deli,2,2.0,0.5,8.0,0.5,476.039027351886,False,False,0.0146389791468062,5000,25910,0.0002591,0.0053817217409729,0.1260025620211609
146,6,100,10,4,inf,deli,2,2.0,0.5,8.0,0.5,473.1779286414385,False,False,0.0045970725335039,5000,25926,0.00025926,0.001063924004826,0.1196783763726942
147,7,100,10,4,inf,deli,2,2.0,0.5,8.0,0.5,475.4096015095711,False,False,0.0647678457383012,5000,25909,0.00025909,0.0052339292699022,0.1100752788158697
148,8,100,10,4,inf,deli,2,2.0,0.5,8.0,0.5,475.8543410487473,False,False,0.0112056594003757,5000,25928,0.00025928,0.0033369244232821,0.1160789891246411
149,9,100,10,4,inf,deli,2,2.0,0.5,8.0,0.5,379.5807051695883,False,False,0.002231503357281,5000,25915,0.00025915,0.0003747147283841,0.1226415487287021
150,0,100,15,4,inf,deli,2,2.0,0.5,8.0,0.1,403.5804130565375,True,False,0.152814819478578,1000,25855,0.00025855,0.0389875732956871,0.1150058454959921
151,1,100,15,4,inf,deli,2,2.0,0.5,8.0,0.1,405.7586467601359,True,False,0.1606890190473921,1000,25848,0.00025848,0.0354805785157644,0.1254483036379377
152,2,100,15,4,inf,deli,2,2.0,0.5,8.0,0.1,442.1199851240963,True,False,1.6308866107396438,1000,25856,0.00025856,0.0679845103744465,0.1203855453003663
153,3,100,15,4,inf,deli,2,2.0,0.5,8.0,0.1,441.3920134436339,True,False,0.1971236163547761,1000,25856,0.00025856,0.0532578251826461,0.1194283973791917
154,4,100,15,4,inf,deli,2,2.0,0.5,8.0,0.1,357.3422357700765,True,False,0.2917809324123128,1000,25858,0.00025858,0.040752446808986,0.127367146010388
155,5,100,15,4,inf,deli,2,2.0,0.5,8.0,0.1,400.2714562099427,True,False,0.2115452459520796,1000,25860,0.0002586,0.0487712055308869,0.118027215329986
156,6,100,15,4,inf,deli,2,2.0,0.5,8.0,0.1,301.5735779032111,True,False,0.4514816587106422,1000,25851,0.00025851,0.0540890896513564,0.1175556037483729
157,7,100,15,4,inf,deli,2,2.0,0.5,8.0,0.1,426.017029395327,True,False,0.3304560065648595,1000,25849,0.00025849,0.0474441896514862,0.1237323686035058
158,8,100,15,4,inf,deli,2,2.0,0.5,8.0,0.1,442.3025756962597,True,False,0.2965917185485527,1000,25861,0.00025861,0.0474574589468668,0.1184749906968153
159,9,100,15,4,inf,deli,2,2.0,0.5,8.0,0.1,389.8371045719832,True,False,0.8728791062897768,1000,25847,0.00025847,0.0408983985654272,0.1225848880235686
160,0,100,15,4,inf,deli,2,2.0,0.5,8.0,0.3,569.4142404422164,False,False,0.9134102704986162,3000,29918,0.00029918,0.0583198039058408,0.1239419650048352
161,1,100,15,4,inf,deli,2,2.0,0.5,8.0,0.3,615.5449390877038,False,False,0.3649016188650358,3000,29926,0.00029926,0.0287858909151869,0.123833414213486
162,2,100,15,4,inf,deli,2,2.0,0.5,8.0,0.3,611.5757128726691,False,False,0.1098781787086262,3000,29923,0.00029923,0.018792125103999,0.1303675722738977
163,3,100,15,4,inf,deli,2,2.0,0.5,8.0,0.3,614.8451585620642,False,False,0.1054132798354599,3000,29918,0.00029918,0.027791882010898,0.119008509983016
164,4,100,15,4,inf,deli,2,2.0,0.5,8.0,0.3,424.6349902525544,False,False,0.1912994900634616,3000,29919,0.00029919,0.0298587913642914,0.1174120270435826
165,5,100,15,4,inf,deli,2,2.0,0.5,8.0,0.3,525.6921637766063,False,False,0.2752654587608301,3000,29939,0.00029939,0.0320630322505228,0.1183670105425602
166,6,100,15,4,inf,deli,2,2.0,0.5,8.0,0.3,610.4131549596786,False,False,0.0778472269283582,3000,29915,0.00029915,0.0208630917027239,0.1242525414234198
167,7,100,15,4,inf,deli,2,2.0,0.5,8.0,0.3,587.6320744156837,False,False,0.1456237421726025,3000,29929,0.00029929,0.0219602636788419,0.1171768622034098
168,8,100,15,4,inf,deli,2,2.0,0.5,8.0,0.3,613.6368917543441,False,False,0.2434609654357407,3000,29920,0.0002992,0.0431346128707315,0.1154668583822941
169,9,100,15,4,inf,deli,2,2.0,0.5,8.0,0.3,506.9854466058314,False,False,0.071443476703481,3000,29935,0.00029935,0.0239167439396875,0.1223029959205243
170,0,100,15,4,inf,deli,2,2.0,0.5,8.0,0.5,430.47205204702914,True,False,1.168039937975072,5000,33769,0.00033769,0.0160699674334466,0.1144737038376059
171,1,100,15,4,inf,deli,2,2.0,0.5,8.0,0.5,429.7293015923351,True,False,0.0077257409270881,5000,33764,0.00033764,0.0036946196776717,0.1188851515706051
172,2,100,15,4,inf,deli,2,2.0,0.5,8.0,0.5,427.53121472895145,True,False,0.0463556553760983,5000,33759,0.00033759,0.0103007173560003,0.1262950032460153
173,3,100,15,4,inf,deli,2,2.0,0.5,8.0,0.5,426.4982337076217,True,False,0.1295743624274417,5000,33762,0.00033762,0.0090759246633173,0.1239747512630426
174,4,100,15,4,inf,deli,2,2.0,0.5,8.0,0.5,429.6880745999515,True,False,0.0080633402218762,5000,33751,0.00033751,0.0038147740080928,0.130417879395551
175,5,100,15,4,inf,deli,2,2.0,0.5,8.0,0.5,425.31860986724496,True,False,0.1567039488395302,5000,33759,0.00033759,0.0132368502935322,0.1187643748352414
176,6,100,15,4,inf,deli,2,2.0,0.5,8.0,0.5,434.0551086720079,True,False,0.0418503236270636,5000,33773,0.00033773,0.011052627549644,0.1228755436567039
177,7,100,15,4,inf,deli,2,2.0,0.5,8.0,0.5,429.21448135748506,True,False,0.0069513394760497,5000,33762,0.00033762,0.0031564276517779,0.1188261367434197
178,8,100,15,4,inf,deli,2,2.0,0.5,8.0,0.5,427.6859262157232,True,False,0.1274344847181941,5000,33757,0.00033757,0.015811585879148,0.1152353646314056
179,9,100,15,4,inf,deli,2,2.0,0.5,8.0,0.5,427.5032786075026,True,False,0.0776438431061124,5000,33758,0.00033758,0.0121045531797568,0.1259444769816994
180,0,100,5,4,inf,deli,2,2.0,0.5,8.0,0.4,334.746246047318,True,False,0.0004209224332137,4000,15926,0.00015926,0.0001000097883498,0.1183889040971555
181,1,100,5,4,inf,deli,2,2.0,0.5,8.0,0.4,371.64520063623786,True,False,0.0039631870188522,4000,15927,0.00015927,0.0008323553999532,0.1087429333545337
182,2,100,5,4,inf,deli,2,2.0,0.5,8.0,0.4,370.3115660771728,True,False,0.0036966785507996,4000,15917,0.00015917,0.0014895457331103,0.1130495609816746
183,3,100,5,4,inf,deli,2,2.0,0.5,8.0,0.4,371.58485808223486,True,False,67.70439484612923,4000,15927,0.00015927,0.0206833175576827,0.1159564630347977
184,4,100,5,4,inf,deli,2,2.0,0.5,8.0,0.4,371.8142969943583,True,False,0.1145561881305309,4000,15928,0.00015928,0.0229191232768766,0.1162966400890411
185,5,100,5,4,inf,deli,2,2.0,0.5,8.0,0.4,370.7875521071255,True,False,0.0072846637146597,4000,15923,0.00015923,0.0020700162364358,0.1086577652682659
186,6,100,5,4,inf,deli,2,2.0,0.5,8.0,0.4,333.2422546632588,True,False,0.0006222379480297,4000,15930,0.0001593,0.000345283577739,0.1181358424535937
187,7,100,5,4,inf,deli,2,2.0,0.5,8.0,0.4,333.69298071041703,True,False,0.0008465346494464,4000,15927,0.00015927,0.0001497880888631,0.1082488774498069
188,8,100,5,4,inf,deli,2,2.0,0.5,8.0,0.4,372.50072779878974,True,False,0.07708996877348,4000,15919,0.00015919,0.0030751133531959,0.1111068374470161
189,9,100,5,4,inf,deli,2,2.0,0.5,8.0,0.4,334.52736055105925,True,False,0.0010881569586586,4000,15924,0.00015924,0.0001306740043255,0.1111287064856362
190,0,100,15,4,inf,deli,2,2.0,0.5,8.0,0.4,561.0973127223551,True,False,1.0983435690095218,4000,31776,0.00031776,0.0155006099089274,0.1140034138733593
191,1,100,15,4,inf,deli,2,2.0,0.5,8.0,0.4,562.6185772903264,True,False,0.2969987522650162,4000,31785,0.00031785,0.023219651260773,0.1115093946829392
192,2,100,15,4,inf,deli,2,2.0,0.5,8.0,0.4,548.9497811496258,True,False,0.1262376303165822,4000,31794,0.00031794,0.0221099690470899,0.1168168237706031
193,3,100,15,4,inf,deli,2,2.0,0.5,8.0,0.4,559.9711934402585,True,False,0.0587339770966544,4000,31786,0.00031786,0.0079928354802194,0.1145847377140476
194,4,100,15,4,inf,deli,2,2.0,0.5,8.0,0.4,552.8589870035648,True,False,0.0537734508158381,4000,31789,0.00031789,0.0149719186860182,0.1152664562289188
195,5,100,15,4,inf,deli,2,2.0,0.5,8.0,0.4,550.5014470480382,True,False,0.1423449231807937,4000,31772,0.00031772,0.0203288456563492,0.1154425196397342
196,6,100,15,4,inf,deli,2,2.0,0.5,8.0,0.4,566.3531094267964,True,False,0.0537631066921056,4000,31790,0.0003179,0.0125766442711974,0.1200005774020498
197,7,100,15,4,inf,deli,2,2.0,0.5,8.0,0.4,552.5831673145294,True,False,0.8920972098592217,4000,31789,0.00031789,0.019688947966122,0.1283800700205704
198,8,100,15,4,inf,deli,2,2.0,0.5,8.0,0.4,558.7909132298082,True,False,0.1230451526589063,4000,31789,0.00031789,0.0134413095175972,0.1210028930306773
199,9,100,15,4,inf,deli,2,2.0,0.5,8.0,0.4,553.617200596258,True,False,0.0629556051481065,4000,31779,0.00031779,0.0087825888049248,0.1163584249451908
200,0,100,5,4,inf,deli,2,2.0,0.5,8.0,0.3,371.0876120440662,False,False,0.0225489624953459,3000,13976,0.00013976,0.0029275803633252,0.1145809312666415
201,1,100,5,4,inf,deli,2,2.0,0.5,8.0,0.3,334.76089630275965,False,False,0.0089168844956249,3000,13977,0.00013977,0.0008756567797347,0.1150738994886259
202,2,100,5,4,inf,deli,2,2.0,0.5,8.0,0.3,334.5809870734811,False,False,0.000935205901114,3000,13974,0.00013974,0.0001141631498232,0.1089218118212847
203,3,100,5,4,inf,deli,2,2.0,0.5,8.0,0.3,336.1738521978259,False,False,0.0006740442536086,3000,13980,0.0001398,0.0001910868852246,0.1132323904562845
204,4,100,5,4,inf,deli,2,2.0,0.5,8.0,0.3,333.9464842863381,False,False,0.00139938835155,3000,13980,0.0001398,0.0005574677007571,0.1073214413029193
205,5,100,5,4,inf,deli,2,2.0,0.5,8.0,0.3,371.87130983546376,False,False,0.0309515769570805,3000,13976,0.00013976,0.0051758381734794,0.1082736706473266
206,6,100,5,4,inf,deli,2,2.0,0.5,8.0,0.3,372.8893718905747,False,False,0.0506489467289157,3000,13970,0.0001397,0.0074745173857332,0.1119819705919823
207,7,100,5,4,inf,deli,2,2.0,0.5,8.0,0.3,334.39294319599867,False,False,0.0071980551405843,3000,13979,0.00013979,0.0016882191325699,0.116009990147216
208,8,100,5,4,inf,deli,2,2.0,0.5,8.0,0.3,372.2859076224268,False,False,0.5016621118723118,3000,13976,0.00013976,0.0584874805680524,0.117827271715113
209,9,100,5,4,inf,deli,2,2.0,0.5,8.0,0.3,336.51385332271457,False,False,0.0107991204189549,3000,13972,0.00013972,0.0001858536911952,0.1112511848046659
210,0,100,15,4,inf,deli,2,2.0,0.5,8.0,0.6,517.9605128578842,False,False,0.2196154656673122,6000,35839,0.00035839,0.020580157073478,0.1216125845998739
211,1,100,15,4,inf,deli,2,2.0,0.5,8.0,0.6,520.374711047858,False,False,0.0310104007120315,6000,35851,0.00035851,0.0054386686367792,0.1210528497719611
212,2,100,15,4,inf,deli,2,2.0,0.5,8.0,0.6,521.4791357591748,False,False,0.0126048870875236,6000,35854,0.00035854,0.0027216451047911,0.1239810958832053
213,3,100,15,4,inf,deli,2,2.0,0.5,8.0,0.6,523.2961075827479,False,False,0.0124948397187733,6000,35848,0.00035848,0.0030406964607073,0.1152648340545153
214,4,100,15,4,inf,deli,2,2.0,0.5,8.0,0.6,517.652149759233,False,False,0.024998253428979,6000,35846,0.00035846,0.0060428191260982,0.1198505052699856
215,5,100,15,4,inf,deli,2,2.0,0.5,8.0,0.6,518.4318351075053,False,False,0.0124683904332021,6000,35840,0.0003584,0.0016984175947352,0.1272872546721139
216,6,100,15,4,inf,deli,2,2.0,0.5,8.0,0.6,516.6672127358615,False,False,0.0259845616081916,6000,35858,0.00035858,0.0052754728340047,0.1145375044887491
217,7,100,15,4,inf,deli,2,2.0,0.5,8.0,0.6,522.9000598490238,False,False,0.4070069554109762,6000,35864,0.00035864,0.0096090489110546,0.1112723232101738
218,8,100,15,4,inf,deli,2,2.0,0.5,8.0,0.6,517.4234390817583,False,False,0.0069328714841105,6000,35834,0.00035834,0.0018824386982304,0.1160060898884729
219,9,100,15,4,inf,deli,2,2.0,0.5,8.0,0.6,520.3632828481495,False,False,0.027357667052487,6000,35858,0.00035858,0.0014667491542153,0.1195295994866638
220,0,100,5,4,inf,deli,2,2.0,0.5,8.0,0.1,246.7001717640087,False,False,0.3051416670306129,1000,9995,9.995e-05,0.0730511108125353,0.1073659315297946
221,1,100,5,4,inf,deli,2,2.0,0.5,8.0,0.1,373.2294750986621,False,False,0.3096137164692458,1000,9990,9.99e-05,0.0738262327578937,0.1060733370905722
222,2,100,5,4,inf,deli,2,2.0,0.5,8.0,0.1,239.20810022111985,False,False,0.5230743865241255,1000,9994,9.994e-05,0.0772673925475501,0.1172454989144566
223,3,100,5,4,inf,deli,2,2.0,0.5,8.0,0.1,370.7825725544244,False,False,0.3854471428169742,1000,9993,9.993e-05,0.0988461839916892,0.1141984895727062
224,4,100,5,4,inf,deli,2,2.0,0.5,8.0,0.1,306.1484986227006,False,False,0.1411874408228945,1000,9988,9.988e-05,0.0723812736094723,0.1158888055732026
225,5,100,5,4,inf,deli,2,2.0,0.5,8.0,0.1,362.4727921420708,False,False,0.9816171606187644,1000,9993,9.993e-05,0.1215798356486692,0.1113784408675293
226,6,100,5,4,inf,deli,2,2.0,0.5,8.0,0.1,336.73461205884814,False,False,0.1675398468626609,1000,9996,9.996e-05,0.0462207457854075,0.1111657116936875
227,7,100,5,4,inf,deli,2,2.0,0.5,8.0,0.1,251.8283601598814,False,False,0.3751513953021275,1000,9991,9.991e-05,0.0892082660444733,0.1154458776545778
228,8,100,5,4,inf,deli,2,2.0,0.5,8.0,0.1,237.60174807813016,False,False,1.0252183808585746,1000,9989,9.989e-05,0.1263494253490602,0.1157987407970676
229,9,100,5,4,inf,deli,2,2.0,0.5,8.0,0.1,202.74715157970783,False,False,1.0096738903699698,1000,9988,9.988e-05,0.1235411574235308,0.1115149549560299
230,0,100,15,4,inf,deli,2,2.0,0.5,8.0,0.8,601.6281538680196,False,False,0.0054990284408796,8000,39835,0.00039835,0.0015294422376521,0.1154741709989235
231,1,100,15,4,inf,deli,2,2.0,0.5,8.0,0.8,587.4043584689498,False,False,0.0163079562113553,8000,39822,0.00039822,0.0028144479180831,0.1194310174505236
232,2,100,15,4,inf,deli,2,2.0,0.5,8.0,0.8,592.6584380362183,False,False,0.0691518393213965,8000,39822,0.00039822,0.0025517984714155,0.1197321687923785
233,3,100,15,4,inf,deli,2,2.0,0.5,8.0,0.8,589.8465806059539,False,False,0.017502225119117,8000,39834,0.00039834,0.0019016863535735,0.1181158513298405
234,4,100,15,4,inf,deli,2,2.0,0.5,8.0,0.8,595.7389516402036,False,False,0.0033112238414305,8000,39804,0.00039804,0.0009338900209978,0.11983269482655
235,5,100,15,4,inf,deli,2,2.0,0.5,8.0,0.8,590.9033474531025,False,False,0.0282258853566992,8000,39793,0.00039793,0.0042256868139468,0.1190973896510703
236,6,100,15,4,inf,deli,2,2.0,0.5,8.0,0.8,600.1960352957249,False,False,0.0093095582845472,8000,39815,0.00039815,0.0020571164499991,0.1194619872624149
237,7,100,15,4,inf,deli,2,2.0,0.5,8.0,0.8,600.4530262798071,False,False,0.0032352716818919,8000,39828,0.00039828,0.0008044800944075,0.1243625504039472
238,8,100,15,4,inf,deli,2,2.0,0.5,8.0,0.8,606.8017940968275,False,False,0.018202109067823,8000,39789,0.00039789,0.0013445425409812,0.1230199719093649
239,9,100,15,4,inf,deli,2,2.0,0.5,8.0,0.8,597.5611982997507,False,False,0.0384294775047754,8000,39812,0.00039812,0.0035788874657691,0.1291794657370241
240,0,100,10,4,inf,deli,2,2.0,0.5,8.0,0.7,388.32053792849183,False,False,0.0096977169258254,7000,29894,0.00029894,0.0006498368065773,0.1185693568253662
241,1,100,10,4,inf,deli,2,2.0,0.5,8.0,0.7,390.8121571429074,False,False,0.038059574630513,7000,29886,0.00029886,0.0075770375035514,0.1221475018310142
242,2,100,10,4,inf,deli,2,2.0,0.5,8.0,0.7,391.3493766672909,False,False,0.0229202420003982,7000,29914,0.00029914,0.0060207661611893,0.1236831857800952
243,3,100,10,4,inf,deli,2,2.0,0.5,8.0,0.7,390.1144716478884,False,False,0.0202768006034106,7000,29878,0.00029878,0.0037734197937747,0.115406829330318
244,4,100,10,4,inf,deli,2,2.0,0.5,8.0,0.7,390.36029182747006,False,False,0.0334394288631694,7000,29883,0.00029883,0.0019487313758489,0.1168680396033518
245,5,100,10,4,inf,deli,2,2.0,0.5,8.0,0.7,390.4139500036836,False,False,0.0118709948490774,7000,29883,0.00029883,0.0023578574780021,0.1158223636577055
246,6,100,10,4,inf,deli,2,2.0,0.5,8.0,0.7,387.4711111821234,False,False,0.2176393830913073,7000,29892,0.00029892,0.0032050457520897,0.1149142503892371
247,7,100,10,4,inf,deli,2,2.0,0.5,8.0,0.7,388.5373530648649,False,False,0.1407373179285734,7000,29897,0.00029897,0.0172210788292304,0.115031601187199
248,8,100,10,4,inf,deli,2,2.0,0.5,8.0,0.7,388.7363775484264,False,False,0.044728275105084,7000,29891,0.00029891,0.0011391562563705,0.1194667227248901
249,9,100,10,4,inf,deli,2,2.0,0.5,8.0,0.7,387.1185272410512,False,False,0.0061990417247846,7000,29901,0.00029901,0.0028018277846786,0.1146372917166746
250,0,100,10,4,inf,deli,2,2.0,0.5,8.0,0.2,342.6877172570676,True,False,0.8696967595037239,2000,19888,0.00019888,0.0240317793456852,0.1177486226144488
251,1,100,10,4,inf,deli,2,2.0,0.5,8.0,0.2,401.39847890660167,True,False,0.1639999965393833,2000,19884,0.00019884,0.0505452697328694,0.1156755974189659
252,2,100,10,4,inf,deli,2,2.0,0.5,8.0,0.2,372.1675707437098,True,False,0.1214112022537249,2000,19881,0.00019881,0.0292801886886187,0.1185369708902191
253,3,100,10,4,inf,deli,2,2.0,0.5,8.0,0.2,391.8057380616665,True,False,2.118426366701827,2000,19894,0.00019894,0.0835977166856674,0.118123230655576
254,4,100,10,4,inf,deli,2,2.0,0.5,8.0,0.2,364.9112142380327,True,False,2.6467133729508814,2000,19891,0.00019891,0.0287225450097832,0.1230570869279309
255,5,100,10,4,inf,deli,2,2.0,0.5,8.0,0.2,362.2425217796117,True,False,0.6899392444484423,2000,19886,0.00019886,0.0951675935634477,0.1243692592568098
256,6,100,10,4,inf,deli,2,2.0,0.5,8.0,0.2,288.7467272412032,True,False,0.6038237650939192,2000,19886,0.00019886,0.0605134501439645,0.115527399389213
257,7,100,10,4,inf,deli,2,2.0,0.5,8.0,0.2,390.6042257603258,True,False,0.1324379854429144,2000,19889,0.00019889,0.0371909526881306,0.1187355756975448
258,8,100,10,4,inf,deli,2,2.0,0.5,8.0,0.2,462.50686027668417,True,False,0.2867348688984876,2000,19894,0.00019894,0.0353668145047774,0.1177284082292588
259,9,100,10,4,inf,deli,2,2.0,0.5,8.0,0.2,552.4707717373967,True,False,0.1044169121764748,2000,19887,0.00019887,0.0374245108651509,0.1141210555996637
260,0,100,15,4,inf,deli,2,2.0,0.5,8.0,0.5,433.137242462486,False,False,0.010560921851103,5000,33881,0.00033881,0.0029214814162262,0.1172938666589341
261,1,100,15,4,inf,deli,2,2.0,0.5,8.0,0.5,435.7384278103709,False,False,0.351958682699975,5000,33877,0.00033877,0.0115322913035876,0.1282281266814883
262,2,100,15,4,inf,deli,2,2.0,0.5,8.0,0.5,434.69580168649554,False,False,0.0103560514950005,5000,33905,0.00033905,0.0024091641438304,0.1201873323735447
263,3,100,15,4,inf,deli,2,2.0,0.5,8.0,0.5,435.9424676783383,False,False,0.02838696405261,5000,33892,0.00033892,0.0052810099622685,0.1226272274434957
264,4,100,15,4,inf,deli,2,2.0,0.5,8.0,0.5,435.2771824635565,False,False,0.0297297906914324,5000,33874,0.00033874,0.0048065091223256,0.1239949925747375
265,5,100,15,4,inf,deli,2,2.0,0.5,8.0,0.5,433.4827906303108,False,False,0.0267574841808639,5000,33870,0.0003387,0.0023135876607981,0.1187087464788554
266,6,100,15,4,inf,deli,2,2.0,0.5,8.0,0.5,434.615520555526,False,False,0.0115513653395572,5000,33874,0.00033874,0.0029494720414446,0.1182151633222573
267,7,100,15,4,inf,deli,2,2.0,0.5,8.0,0.5,435.8986421898008,False,False,0.0101519216225992,5000,33879,0.00033879,0.0038629034086923,0.1199687267843287
268,8,100,15,4,inf,deli,2,2.0,0.5,8.0,0.5,432.6757221482694,False,False,0.0278796446356544,5000,33816,0.00033816,0.0061066696894919,0.1135963216506254
269,9,100,15,4,inf,deli,2,2.0,0.5,8.0,0.5,435.7602192759514,False,False,0.3470939108762195,5000,33862,0.00033862,0.009619104722031,0.1126372560751779
270,0,100,10,4,inf,deli,2,2.0,0.5,8.0,0.7,402.8437373358756,True,False,0.0111534285236756,7000,29798,0.00029798,0.0031185917140408,0.1263246573727674
271,1,100,10,4,inf,deli,2,2.0,0.5,8.0,0.7,406.83653627336025,True,False,0.0185425487193164,7000,29794,0.00029794,0.0043900820300647,0.1235688510721482
272,2,100,10,4,inf,deli,2,2.0,0.5,8.0,0.7,404.1595196761191,True,False,0.0042228667842939,7000,29806,0.00029806,0.0011210668205753,0.1154628678462428
273,3,100,10,4,inf,deli,2,2.0,0.5,8.0,0.7,404.9490401167423,True,False,0.0259708278206381,7000,29810,0.0002981,0.0069860436167056,0.1189857943755366
274,4,100,10,4,inf,deli,2,2.0,0.5,8.0,0.7,406.1393918413669,True,False,0.001266386002277,7000,29807,0.00029807,0.0003207339089286,0.1175561852947248
275,5,100,10,4,inf,deli,2,2.0,0.5,8.0,0.7,409.6314700767398,True,False,0.0411710731344576,7000,29803,0.00029803,0.0109122702232114,0.1150367537106103
276,6,100,10,4,inf,deli,2,2.0,0.5,8.0,0.7,407.67598565109074,True,False,0.0011346605099621,7000,29805,0.00029805,0.0003115406026261,0.1163892173644549
277,7,100,10,4,inf,deli,2,2.0,0.5,8.0,0.7,407.3411732967943,True,False,1.1265849696003316,7000,29806,0.00029806,0.0196175067797258,0.1208732532999421
278,8,100,10,4,inf,deli,2,2.0,0.5,8.0,0.7,403.7092462070286,True,False,0.0020553775437507,7000,29804,0.00029804,0.0008436729541584,0.1177311834362886
279,9,100,10,4,inf,deli,2,2.0,0.5,8.0,0.7,404.5530787855387,True,False,0.0130313907894974,7000,29805,0.00029805,0.0023294517261257,0.1221472931395327
280,0,100,5,4,inf,deli,2,2.0,0.5,8.0,0.2,359.35737175121903,False,False,0.5468662177631561,2000,11985,0.00011985,0.0628241508353603,0.1114170020797463
281,1,100,5,4,inf,deli,2,2.0,0.5,8.0,0.2,387.0058678276837,False,False,0.046520854138296,2000,11983,0.00011983,0.0267769321054301,0.1203169041119421
282,2,100,5,4,inf,deli,2,2.0,0.5,8.0,0.2,389.3326424993575,False,False,0.0321760857979478,2000,11983,0.00011983,0.0069716133792446,0.1107172964686012
283,3,100,5,4,inf,deli,2,2.0,0.5,8.0,0.2,387.7389074116945,False,False,0.1272977978771164,2000,11980,0.0001198,0.0117670720041127,0.1083086532306431
284,4,100,5,4,inf,deli,2,2.0,0.5,8.0,0.2,375.1638922132552,False,False,0.040614925086781,2000,11986,0.00011986,0.0151127828364482,0.1115663710167532
285,5,100,5,4,inf,deli,2,2.0,0.5,8.0,0.2,315.5009226426482,False,False,0.2032951798596406,2000,11979,0.00011979,0.0354944045083576,0.1153891499544063
286,6,100,5,4,inf,deli,2,2.0,0.5,8.0,0.2,325.5091501437128,False,False,0.4401842196956015,2000,11986,0.00011986,0.0418335098916302,0.1116324425312141
287,7,100,5,4,inf,deli,2,2.0,0.5,8.0,0.2,324.121963173151,False,False,1.2812832914956902,2000,11981,0.00011981,0.1050689293149577,0.1117801239506343
288,8,100,5,4,inf,deli,2,2.0,0.5,8.0,0.2,314.11723820120096,False,False,0.0819940532209738,2000,11978,0.00011978,0.0112008221954763,0.1137660574909308
289,9,100,5,4,inf,deli,2,2.0,0.5,8.0,0.2,387.2199079841376,False,False,0.0848842584705856,2000,11981,0.00011981,0.0058812161765898,0.1116244989604889
290,0,100,10,4,inf,deli,2,2.0,0.5,8.0,0.4,417.2567003350705,True,False,0.0089949706269987,4000,23853,0.00023853,0.002926806655571,0.1126301344669563
291,1,100,10,4,inf,deli,2,2.0,0.5,8.0,0.4,417.9548175539821,True,False,0.0766865258628058,4000,23849,0.00023849,0.0163801292738094,0.1214775453117501
292,2,100,10,4,inf,deli,2,2.0,0.5,8.0,0.4,420.5390133559704,True,False,0.1213174596487305,4000,23850,0.0002385,0.0086733554264069,0.1240914801782841
293,3,100,10,4,inf,deli,2,2.0,0.5,8.0,0.4,416.27522740513086,True,False,0.0813410618755594,4000,23851,0.00023851,0.0043632857368587,0.1196768352475744
294,4,100,10,4,inf,deli,2,2.0,0.5,8.0,0.4,417.2783859744668,True,False,0.1435245398374168,4000,23840,0.0002384,0.0242507340954965,0.115152032896127
295,5,100,10,4,inf,deli,2,2.0,0.5,8.0,0.4,418.4461812730879,True,False,0.0310649226339398,4000,23861,0.00023861,0.0089098897369256,0.1097415825240591
296,6,100,10,4,inf,deli,2,2.0,0.5,8.0,0.4,416.6454055998474,True,False,0.0538805091089425,4000,23861,0.00023861,0.013692020623057,0.1172807016540162
297,7,100,10,4,inf,deli,2,2.0,0.5,8.0,0.4,418.809366941452,True,False,0.1919897206743837,4000,23844,0.00023844,0.0246471948106914,0.1148298643491943
298,8,100,10,4,inf,deli,2,2.0,0.5,8.0,0.4,414.8658720478416,True,False,0.0335801738752441,4000,23854,0.00023854,0.0139373608096105,0.1201884016650318
299,9,100,10,4,inf,deli,2,2.0,0.5,8.0,0.4,422.1745914723724,True,False,0.0293995727378628,4000,23853,0.00023853,0.0085247167689952,0.1176006899140509
300,0,100,15,4,inf,deli,2,2.0,0.5,8.0,0.1,564.9793857522309,False,False,0.3027743309693705,1000,25982,0.00025982,0.0608423760555194,0.1197740562748536
301,1,100,15,4,inf,deli,2,2.0,0.5,8.0,0.1,549.6304727578536,False,False,0.5817034060720897,1000,25969,0.00025969,0.0546863447160424,0.121697796249377
302,2,100,15,4,inf,deli,2,2.0,0.5,8.0,0.1,377.82234842376783,False,False,0.9377907435316531,1000,25973,0.00025973,0.057806477466458,0.1246684848466753
303,3,100,15,4,inf,deli,2,2.0,0.5,8.0,0.1,606.9919773023576,False,False,0.6223832191255306,1000,25978,0.00025978,0.0610778638635528,0.1278646144134311
304,4,100,15,4,inf,deli,2,2.0,0.5,8.0,0.1,605.3418832127936,False,False,0.5350595927741673,1000,25970,0.0002597,0.0564430470025516,0.1175603737032658
305,5,100,15,4,inf,deli,2,2.0,0.5,8.0,0.1,555.0387040898204,False,False,0.3125994013804265,1000,25968,0.00025968,0.0403135213499404,0.1276983488992228
306,6,100,15,4,inf,deli,2,2.0,0.5,8.0,0.1,609.5442210831679,False,False,0.6515001661114374,1000,25976,0.00025976,0.0576562072030562,0.1256999040980938
307,7,100,15,4,inf,deli,2,2.0,0.5,8.0,0.1,432.3862651791424,False,False,0.1397586019239617,1000,25983,0.00025983,0.040326261827101,0.1216973318730224
308,8,100,15,4,inf,deli,2,2.0,0.5,8.0,0.1,443.02474665502086,False,False,1.2523270979002592,1000,25973,0.00025973,0.07365537029272,0.127875214559461
309,9,100,15,4,inf,deli,2,2.0,0.5,8.0,0.1,541.8378277742304,False,False,0.2135863878794728,1000,25980,0.0002598,0.0412586353611156,0.1184811595411884
310,0,100,5,4,inf,deli,2,2.0,0.5,8.0,0.8,407.1204212848097,True,False,0.0001822082622419,8000,23895,0.00023895,7.34373313535558e-05,0.1079023639873306
311,1,100,5,4,inf,deli,2,2.0,0.5,8.0,0.8,487.88038770854473,True,False,0.0375105040170408,8000,23891,0.00023891,0.0031997078184644,0.1117424710934264
312,2,100,5,4,inf,deli,2,2.0,0.5,8.0,0.8,475.7104168906808,True,False,0.0549190396519506,8000,23898,0.00023898,0.0133099995364091,0.1164213405552858
313,3,100,5,4,inf,deli,2,2.0,0.5,8.0,0.8,471.352909008041,True,False,0.0110449020783035,8000,23895,0.00023895,0.0038618992604373,0.1101834133459355
314,4,100,5,4,inf,deli,2,2.0,0.5,8.0,0.8,480.2212668955326,True,False,0.018270256261923,8000,23898,0.00023898,0.0050231670625866,0.1138354817628607
315,5,100,5,4,inf,deli,2,2.0,0.5,8.0,0.8,478.65560469962656,True,False,0.0007696507574465,8000,23905,0.00023905,0.000222602652528,0.1166368314061759
316,6,100,5,4,inf,deli,2,2.0,0.5,8.0,0.8,404.41343505494297,True,False,0.0003024663442105,8000,23895,0.00023895,0.0001617946424895,0.1149577732447032
317,7,100,5,4,inf,deli,2,2.0,0.5,8.0,0.8,477.6128162611276,True,False,0.0007503444276371,8000,23900,0.000239,0.0001924971571431,0.1140443920022559
318,8,100,5,4,inf,deli,2,2.0,0.5,8.0,0.8,473.484880130738,True,False,0.0007038895715475,8000,23894,0.00023894,0.0002330220197057,0.1063732157180603
319,9,100,5,4,inf,deli,2,2.0,0.5,8.0,0.8,479.3022972885519,True,False,0.0054704711999048,8000,23899,0.00023899,0.0020674384984725,0.1071732248501974
320,0,100,10,4,inf,deli,2,2.0,0.5,8.0,0.8,398.1788652651012,True,False,0.0436530181890911,8000,31787,0.00031787,0.0050719619233986,0.1268068501081853
321,1,100,10,4,inf,deli,2,2.0,0.5,8.0,0.8,401.33020860888064,True,False,0.0062710349940793,8000,31788,0.00031788,0.0016900481974459,0.121069077605586
322,2,100,10,4,inf,deli,2,2.0,0.5,8.0,0.8,398.2131269238889,True,False,0.0241488007660899,8000,31794,0.00031794,0.0067641389327038,0.1116969045510876
323,3,100,10,4,inf,deli,2,2.0,0.5,8.0,0.8,399.3609117027372,True,False,0.0035157181691438,8000,31793,0.00031793,0.0009404879885108,0.1253135184417848
324,4,100,10,4,inf,deli,2,2.0,0.5,8.0,0.8,399.2569523882121,True,False,0.0011402738625442,8000,31797,0.00031797,0.0003386876204201,0.1200677569201419
325,5,100,10,4,inf,deli,2,2.0,0.5,8.0,0.8,399.592004980892,True,False,0.0386162746204565,8000,31788,0.00031788,0.0050978286693333,0.1113133158135625
326,6,100,10,4,inf,deli,2,2.0,0.5,8.0,0.8,400.6347341593355,True,False,0.0053353442474439,8000,31786,0.00031786,0.0011792469001974,0.1193540669677076
327,7,100,10,4,inf,deli,2,2.0,0.5,8.0,0.8,405.0213054623455,True,False,0.0098662637210027,8000,31791,0.00031791,0.0029536301756441,0.1213860689328067
328,8,100,10,4,inf,deli,2,2.0,0.5,8.0,0.8,400.06779527291656,True,False,0.000987257706111,8000,31796,0.00031796,0.0003979140724717,0.1237742791048837
329,9,100,10,4,inf,deli,2,2.0,0.5,8.0,0.8,399.36761349625885,True,False,0.1652561172024184,8000,31796,0.00031796,0.0348189034425509,0.1259428609567052
330,0,100,15,4,inf,deli,2,2.0,0.5,8.0,0.7,621.8933245119406,False,False,0.0555411200956706,7000,37832,0.00037832,0.0100240835742151,0.1232413587894196
331,1,100,15,4,inf,deli,2,2.0,0.5,8.0,0.7,612.0065671290504,False,False,0.0024697130537813,7000,37822,0.00037822,0.000625635604623,0.1231473931690223
332,2,100,15,4,inf,deli,2,2.0,0.5,8.0,0.7,618.2938605539966,False,False,0.0054673905342,7000,37839,0.00037839,0.0009260364409514,0.1265184747414904
333,3,100,15,4,inf,deli,2,2.0,0.5,8.0,0.7,608.3697641359176,False,False,0.0076904990047971,7000,37823,0.00037823,0.0013389585871682,0.11951298333156
334,4,100,15,4,inf,deli,2,2.0,0.5,8.0,0.7,618.0993057449814,False,False,0.0059490747467328,7000,37843,0.00037843,0.00287764975507,0.1281868287857962
335,5,100,15,4,inf,deli,2,2.0,0.5,8.0,0.7,614.971875536954,False,False,0.0179052424987943,7000,37831,0.00037831,0.0039869208105481,0.1223260034002714
336,6,100,15,4,inf,deli,2,2.0,0.5,8.0,0.7,610.2086608470418,False,False,0.0730518058012159,7000,37845,0.00037845,0.0028245286447476,0.1192696244457441
337,7,100,15,4,inf,deli,2,2.0,0.5,8.0,0.7,614.9535715619568,False,False,0.094122755563852,7000,37858,0.00037858,0.0049065912569972,0.1211549100137007
338,8,100,15,4,inf,deli,2,2.0,0.5,8.0,0.7,620.5307634710334,False,False,0.0060629746885671,7000,37840,0.0003784,0.0013987103634628,0.1189747834345188
339,9,100,15,4,inf,deli,2,2.0,0.5,8.0,0.7,599.6394673059694,False,False,0.0199135276135423,7000,37831,0.00037831,0.003448173371424,0.1196155995382327
340,0,100,10,4,inf,deli,2,2.0,0.5,8.0,0.1,550.5398519840091,False,False,0.2096851938426018,1000,17984,0.00017984,0.046475326279016,0.1136180167397162
341,1,100,10,4,inf,deli,2,2.0,0.5,8.0,0.1,473.3707252871245,False,False,0.8070840705404998,1000,17988,0.00017988,0.0720745331815138,0.1205738932647589
342,2,100,10,4,inf,deli,2,2.0,0.5,8.0,0.1,418.1968612652272,False,False,0.1472672143184025,1000,17986,0.00017986,0.0399310035056947,0.1134030006448271
343,3,100,10,4,inf,deli,2,2.0,0.5,8.0,0.1,373.5270167402923,False,False,1.363363303548121,1000,17989,0.00017989,0.0575309541472216,0.1134983473805644
344,4,100,10,4,inf,deli,2,2.0,0.5,8.0,0.1,546.4530464112759,False,False,0.1218445651957691,1000,17981,0.00017981,0.0575800599678266,0.1135373002450827
345,5,100,10,4,inf,deli,2,2.0,0.5,8.0,0.1,464.0496223941445,False,False,0.8389422045699392,1000,17986,0.00017986,0.07058294342546,0.1171277884188347
346,6,100,10,4,inf,deli,2,2.0,0.5,8.0,0.1,323.7665570154786,False,False,0.419278115141203,1000,17979,0.00017979,0.0712826994181107,0.1223852394677122
347,7,100,10,4,inf,deli,2,2.0,0.5,8.0,0.1,468.9395726062357,False,False,0.2168046841641133,1000,17986,0.00017986,0.1282099278942298,0.1250694954705445
348,8,100,10,4,inf,deli,2,2.0,0.5,8.0,0.1,483.77602217160165,False,False,1.048399845380041,1000,17985,0.00017985,0.0583810911956766,0.1229063774188991
349,9,100,10,4,inf,deli,2,2.0,0.5,8.0,0.1,420.51911034062505,False,False,0.4747301642428827,1000,17983,0.00017983,0.0680670350533375,0.1236175497854905
350,0,100,10,4,inf,deli,2,2.0,0.5,8.0,0.1,488.10667519271374,True,False,0.2861254950522939,1000,17905,0.00017905,0.0391668339438016,0.1183759213278898
351,1,100,10,4,inf,deli,2,2.0,0.5,8.0,0.1,480.0190851558,True,False,0.2951623732379033,1000,17902,0.00017902,0.0649143954405269,0.1149608966136962
352,2,100,10,4,inf,deli,2,2.0,0.5,8.0,0.1,553.9748753029853,True,False,0.4982625999271999,1000,17898,0.00017898,0.0692923545100219,0.128367007056387
353,3,100,10,4,inf,deli,2,2.0,0.5,8.0,0.1,603.0324537772685,True,False,0.173667734139056,1000,17904,0.00017904,0.0492048511880492,0.1178178912479295
354,4,100,10,4,inf,deli,2,2.0,0.5,8.0,0.1,388.8428424745798,True,False,0.2628985932950464,1000,17905,0.00017905,0.0498669396725232,0.1229371325929667
355,5,100,10,4,inf,deli,2,2.0,0.5,8.0,0.1,698.3818471562117,True,False,0.1331129914584979,1000,17903,0.00017903,0.0370542474072344,0.1187820250629399
356,6,100,10,4,inf,deli,2,2.0,0.5,8.0,0.1,603.9182580783963,True,False,0.2900355347958748,1000,17901,0.00017901,0.060480207100844,0.1147593376949431
357,7,100,10,4,inf,deli,2,2.0,0.5,8.0,0.1,515.8437200896442,True,False,0.4838802241125181,1000,17898,0.00017898,0.059468453274599,0.1154180650070123
358,8,100,10,4,inf,deli,2,2.0,0.5,8.0,0.1,714.8849939797074,True,False,0.3971915529006637,1000,17901,0.00017901,0.0588951456843934,0.1180827779440262
359,9,100,10,4,inf,deli,2,2.0,0.5,8.0,0.1,639.6875150818378,True,False,0.2401593713724167,1000,17901,0.00017901,0.0421999723768464,0.1123726267770845
360,0,100,15,4,inf,deli,2,2.0,0.5,8.0,0.6,429.8075446709991,True,False,1.0772357812875608,6000,35728,0.00035728,0.0139000519540031,0.1255519857379828
361,1,100,15,4,inf,deli,2,2.0,0.5,8.0,0.6,427.6462910957634,True,False,0.0331975479020662,6000,35743,0.00035743,0.0072102564378684,0.1194526941370542
362,2,100,15,4,inf,deli,2,2.0,0.5,8.0,0.6,431.27727077528834,True,False,0.0222489798009784,6000,35737,0.00035737,0.0078695662478437,0.119993949467656
363,3,100,15,4,inf,deli,2,2.0,0.5,8.0,0.6,433.76557820662856,True,False,0.0063340032023582,6000,35740,0.0003574,0.001794360909345,0.1159686251399082
364,4,100,15,4,inf,deli,2,2.0,0.5,8.0,0.6,427.9782836139202,True,False,0.0372178300801107,6000,35745,0.00035745,0.0078320708018965,0.1258458473890938
365,5,100,15,4,inf,deli,2,2.0,0.5,8.0,0.6,431.48049169406295,True,False,0.0262366991367763,6000,35733,0.00035733,0.0064779960303046,0.1242959878568917
366,6,100,15,4,inf,deli,2,2.0,0.5,8.0,0.6,431.75235748663545,True,False,0.0039759345533764,6000,35729,0.00035729,0.0022650345180673,0.1237801804225787
367,7,100,15,4,inf,deli,2,2.0,0.5,8.0,0.6,430.4258897230029,True,False,0.005236339603246,6000,35740,0.0003574,0.0018328649307108,0.1180178723998532
368,8,100,15,4,inf,deli,2,2.0,0.5,8.0,0.6,430.11428513750434,True,False,0.007592252656129,6000,35743,0.00035743,0.0015754479195872,0.1138538431410472
369,9,100,15,4,inf,deli,2,2.0,0.5,8.0,0.6,431.0896006524563,True,False,0.0060153514175622,6000,35739,0.00035739,0.002245007238314,0.1175159666061773
370,0,100,15,4,inf,deli,2,2.0,0.5,8.0,0.2,601.3755006119609,False,False,0.1095361387791819,2000,27951,0.00027951,0.0193420073576417,0.1240563769803505
371,1,100,15,4,inf,deli,2,2.0,0.5,8.0,0.2,621.810280431062,False,False,0.188408995818935,2000,27945,0.00027945,0.0307365883279378,0.1206846419752044
372,2,100,15,4,inf,deli,2,2.0,0.5,8.0,0.2,585.9360261783004,False,False,0.4497426924109826,2000,27950,0.0002795,0.047102116762277,0.120969649975489
373,3,100,15,4,inf,deli,2,2.0,0.5,8.0,0.2,464.85853251442313,False,False,0.168911390248437,2000,27947,0.00027947,0.0280757046122176,0.1194320550920534
374,4,100,15,4,inf,deli,2,2.0,0.5,8.0,0.2,611.966888371855,False,False,0.4248681767968884,2000,27952,0.00027952,0.0334058549178916,0.1201016266539561
375,5,100,15,4,inf,deli,2,2.0,0.5,8.0,0.2,622.3992344625294,False,False,0.1611153045480132,2000,27952,0.00027952,0.0373868058847787,0.1169351940916699
376,6,100,15,4,inf,deli,2,2.0,0.5,8.0,0.2,320.0128166805953,False,False,0.6345833790468887,2000,27952,0.00027952,0.0447710061815266,0.1224800043938753
377,7,100,15,4,inf,deli,2,2.0,0.5,8.0,0.2,619.3343314807862,False,False,0.2289797771630811,2000,27951,0.00027951,0.0429122016079247,0.1188736034169996
378,8,100,15,4,inf,deli,2,2.0,0.5,8.0,0.2,350.09004539065063,False,False,2.074299282800868,2000,27957,0.00027957,0.0575947477766591,0.1208241969565485
379,9,100,15,4,inf,deli,2,2.0,0.5,8.0,0.2,626.3004305679351,False,False,0.988981608293161,2000,27949,0.00027949,0.0597186677691543,0.1106656163434915
380,0,100,5,4,inf,deli,2,2.0,0.5,8.0,0.3,374.01231419853866,True,False,0.0038871446977483,3000,13937,0.00013937,0.0010975772193839,0.1155459360362623
381,1,100,5,4,inf,deli,2,2.0,0.5,8.0,0.3,375.79250805079937,True,False,0.060449075948464,3000,13938,0.00013938,0.0189249075100113,0.1172922767441785
382,2,100,5,4,inf,deli,2,2.0,0.5,8.0,0.3,377.5303115034476,True,False,0.0794884170473732,3000,13941,0.00013941,0.0170763590067187,0.1127713971852743
383,3,100,5,4,inf,deli,2,2.0,0.5,8.0,0.3,375.8936553541571,True,False,0.0131097706698585,3000,13937,0.00013937,0.0046745637512571,0.1125469450325521
384,4,100,5,4,inf,deli,2,2.0,0.5,8.0,0.3,375.69806733354926,True,False,0.1393896205612271,3000,13940,0.0001394,0.0153192880274595,0.1108363769491953
385,5,100,5,4,inf,deli,2,2.0,0.5,8.0,0.3,377.1615374265239,True,False,0.2686890535198785,3000,13930,0.0001393,0.0057714026941536,0.1115518138713851
386,6,100,5,4,inf,deli,2,2.0,0.5,8.0,0.3,375.7853665826842,True,False,0.1379284266639016,3000,13936,0.00013936,0.0067579114154201,0.1122633757639044
387,7,100,5,4,inf,deli,2,2.0,0.5,8.0,0.3,376.5601976867765,True,False,0.1765710602598652,3000,13930,0.0001393,0.0329756451207365,0.1196624080053181
388,8,100,5,4,inf,deli,2,2.0,0.5,8.0,0.3,379.3960579363629,True,False,0.0333546405139133,3000,13928,0.00013928,0.0162850691114877,0.1187060633304168
389,9,100,5,4,inf,deli,2,2.0,0.5,8.0,0.3,376.8754800064489,True,False,0.3000429394298423,3000,13934,0.00013934,0.010333716005565,0.1139811882697557
390,0,100,5,4,inf,deli,2,2.0,0.5,8.0,0.2,377.82470350153744,True,False,0.0391454297265577,2000,11946,0.00011946,0.015815359298244,0.115448870412516
391,1,100,5,4,inf,deli,2,2.0,0.5,8.0,0.2,378.0139908157289,True,False,0.0591861514879798,2000,11935,0.00011935,0.0180808568128914,0.1094379303286033
392,2,100,5,4,inf,deli,2,2.0,0.5,8.0,0.2,298.3817210569978,True,False,0.0811711203952185,2000,11947,0.00011947,0.0363925408105895,0.110526363020493
393,3,100,5,4,inf,deli,2,2.0,0.5,8.0,0.2,332.82196176517755,True,False,0.2671378891068755,2000,11944,0.00011944,0.0534490340261255,0.1146588646477515
394,4,100,5,4,inf,deli,2,2.0,0.5,8.0,0.2,316.758838810958,True,False,0.1033810475083866,2000,11942,0.00011942,0.0248983676934367,0.1136873262400307
395,5,100,5,4,inf,deli,2,2.0,0.5,8.0,0.2,377.9069367367774,True,False,0.0231463424725694,2000,11944,0.00011944,0.0084197730826551,0.1138562151947324
396,6,100,5,4,inf,deli,2,2.0,0.5,8.0,0.2,369.4320993674919,True,False,0.066314585543871,2000,11947,0.00011947,0.0149037895025338,0.1103010515583652
397,7,100,5,4,inf,deli,2,2.0,0.5,8.0,0.2,345.93808912858367,True,False,0.2452957536806176,2000,11940,0.0001194,0.0371881061038338,0.1125327531016982
398,8,100,5,4,inf,deli,2,2.0,0.5,8.0,0.2,378.80110208224505,True,False,0.143686129080191,2000,11939,0.00011939,0.0572946875397148,0.1117788415493341
399,9,100,5,4,inf,deli,2,2.0,0.5,8.0,0.2,226.4397910479456,True,False,1.482287213481758,2000,11942,0.00011942,0.0411540069897432,0.1149961657483457
400,0,100,5,4,inf,deli,2,2.0,0.5,8.0,0.6,487.43769505247474,True,False,0.0032184826571911,6000,19907,0.00019907,0.0008471522290264,0.1124173309660833
401,1,100,5,4,inf,deli,2,2.0,0.5,8.0,0.6,484.0349411014468,True,False,0.0272173683620713,6000,19909,0.00019909,0.010018622989597,0.1104052875300406
402,2,100,5,4,inf,deli,2,2.0,0.5,8.0,0.6,411.85596372000873,True,False,0.0005237746039355,6000,19920,0.0001992,0.0001101076603226,0.1117809959148862
403,3,100,5,4,inf,deli,2,2.0,0.5,8.0,0.6,481.85795237123966,True,False,0.0037100492947006,6000,19917,0.00019917,0.000850169428258,0.1148441950109085
404,4,100,5,4,inf,deli,2,2.0,0.5,8.0,0.6,489.7965666130185,True,False,0.0121571594195447,6000,19904,0.00019904,0.0025123578354708,0.1148950685274702
405,5,100,5,4,inf,deli,2,2.0,0.5,8.0,0.6,488.5322524346411,True,False,0.0077501588235018,6000,19907,0.00019907,0.0023003333893807,0.1173873003376567
406,6,100,5,4,inf,deli,2,2.0,0.5,8.0,0.6,485.6975302360952,True,False,0.0019879697934821,6000,19913,0.00019913,0.0010264462113092,0.1169454461977935
407,7,100,5,4,inf,deli,2,2.0,0.5,8.0,0.6,490.3403575774282,True,False,0.0030951950707991,6000,19922,0.00019922,0.0008911829162521,0.1176253847141684
408,8,100,5,4,inf,deli,2,2.0,0.5,8.0,0.6,410.739573892206,True,False,0.0004054300576287,6000,19908,0.00019908,0.0001205833146187,0.1196997150817664
409,9,100,5,4,inf,deli,2,2.0,0.5,8.0,0.6,484.3651774674654,True,False,0.0016361137112519,6000,19909,0.00019909,0.0008784978018475,0.1094233280675713
410,0,100,5,4,inf,deli,2,2.0,0.5,8.0,0.7,328.7743723988533,False,False,0.0018633106245905,7000,21945,0.00021945,0.0003347333430867,0.113024732786931
411,1,100,5,4,inf,deli,2,2.0,0.5,8.0,0.7,333.32492711022496,False,False,0.0002790649610393,7000,21950,0.0002195,0.0001045623765606,0.1146331261345911
412,2,100,5,4,inf,deli,2,2.0,0.5,8.0,0.7,366.4775524921715,False,False,0.0170205899524268,7000,21952,0.00021952,0.0016601695625825,0.1119960185543381
413,3,100,5,4,inf,deli,2,2.0,0.5,8.0,0.7,326.7512162588537,False,False,0.0005016506052717,7000,21939,0.00021939,7.283050696638683e-05,0.1153200901763019
414,4,100,5,4,inf,deli,2,2.0,0.5,8.0,0.7,327.29803013429046,False,False,0.000285759040245,7000,21962,0.00021962,5.810030209306207e-05,0.1146174956226869
415,5,100,5,4,inf,deli,2,2.0,0.5,8.0,0.7,363.0462143681944,False,False,0.0009199287782145,7000,21935,0.00021935,0.0003443563643872,0.1111375261136936
416,6,100,5,4,inf,deli,2,2.0,0.5,8.0,0.7,326.4741071537137,False,False,0.0030292681515007,7000,21943,0.00021943,0.000454013098838,0.1082289640930561
417,7,100,5,4,inf,deli,2,2.0,0.5,8.0,0.7,364.25019071251154,False,False,0.0007301687566904,7000,21945,0.00021945,0.0003153011238946,0.1137036163114036
418,8,100,5,4,inf,deli,2,2.0,0.5,8.0,0.7,364.9582647308707,False,False,0.0022932844902075,7000,21926,0.00021926,0.0008475704330768,0.1087010555612448
419,9,100,5,4,inf,deli,2,2.0,0.5,8.0,0.7,362.43596544116735,False,False,0.0005211779692473,7000,21962,0.00021962,0.0001576162468795,0.1142710480871541
420,0,100,10,4,inf,deli,2,2.0,0.5,8.0,0.6,412.70986301638186,True,False,0.0065227694156843,6000,27831,0.00027831,0.0010268322497227,0.1251921580031421
421,1,100,10,4,inf,deli,2,2.0,0.5,8.0,0.6,411.72813975065947,True,False,0.0016367259878126,6000,27827,0.00027827,0.0005186072293633,0.1156287426607444
422,2,100,10,4,inf,deli,2,2.0,0.5,8.0,0.6,409.1453901231289,True,False,0.0371204829725378,6000,27820,0.0002782,0.0010090554679555,0.1226253123603286
423,3,100,10,4,inf,deli,2,2.0,0.5,8.0,0.6,408.57516691833735,True,False,0.0108536996063373,6000,27828,0.00027828,0.0026498151334367,0.1233343779554256
424,4,100,10,4,inf,deli,2,2.0,0.5,8.0,0.6,414.1141162570566,True,False,0.0107903432210406,6000,27827,0.00027827,0.0024918936514456,0.1201167917887323
425,5,100,10,4,inf,deli,2,2.0,0.5,8.0,0.6,354.8780854810029,True,False,0.0004166548055942,6000,27825,0.00027825,0.0001611957859946,0.1240379587211105
426,6,100,10,4,inf,deli,2,2.0,0.5,8.0,0.6,412.7371829058975,True,False,0.0105655954625246,6000,27825,0.00027825,0.0015093203621648,0.1162359250318146
427,7,100,10,4,inf,deli,2,2.0,0.5,8.0,0.6,414.5053672436625,True,False,0.0092669648840399,6000,27829,0.00027829,0.002238322828141,0.1205726977157068
428,8,100,10,4,inf,deli,2,2.0,0.5,8.0,0.6,409.6071481965482,True,False,0.0034918347656261,6000,27815,0.00027815,0.0007172916375734,0.1222573984130175
429,9,100,10,4,inf,deli,2,2.0,0.5,8.0,0.6,410.0849129967392,True,False,0.0157035329274694,6000,27828,0.00027828,0.0047680481903911,0.1159633032073137
430,0,100,10,4,inf,deli,2,2.0,0.5,8.0,0.8,441.1614483110607,False,False,0.1343120177588277,8000,31880,0.0003188,0.0209712174048019,0.1221962856967653
431,1,100,10,4,inf,deli,2,2.0,0.5,8.0,0.8,443.83218033611774,False,False,0.0210101919790621,8000,31874,0.00031874,0.0033962335805297,0.1173548213350124
432,2,100,10,4,inf,deli,2,2.0,0.5,8.0,0.8,449.4718774817884,False,False,0.0038593709357798,8000,31868,0.00031868,0.0007994904360337,0.1190494714546659
433,3,100,10,4,inf,deli,2,2.0,0.5,8.0,0.8,449.5537612102926,False,False,0.0388227008857077,8000,31865,0.00031865,0.0017414287728208,0.1180250087613515
434,4,100,10,4,inf,deli,2,2.0,0.5,8.0,0.8,448.61157896369696,False,False,0.0121881379917221,8000,31858,0.00031858,0.0016145754195681,0.1163083627452599
435,5,100,10,4,inf,deli,2,2.0,0.5,8.0,0.8,448.931667894125,False,False,0.0576474610515228,8000,31838,0.00031838,0.0068111153099492,0.1215297446319953
436,6,100,10,4,inf,deli,2,2.0,0.5,8.0,0.8,448.2513553276658,False,False,0.012200176207942,8000,31881,0.00031881,0.004481260196162,0.1094204681639116
437,7,100,10,4,inf,deli,2,2.0,0.5,8.0,0.8,362.0668889582157,False,False,0.0004088243882343,8000,31873,0.00031873,9.188327596010756e-05,0.129442098386766
438,8,100,10,4,inf,deli,2,2.0,0.5,8.0,0.8,447.7744154296816,False,False,0.0030984475176867,8000,31871,0.00031871,0.000473547108751,0.1188080362776102
439,9,100,10,4,inf,deli,2,2.0,0.5,8.0,0.8,446.0794881843031,False,False,0.0081900275838035,8000,31874,0.00031874,0.0029099001145912,0.1203731466668865
440,0,100,15,4,inf,deli,2,2.0,0.5,8.0,0.7,428.2557104611769,True,False,0.0335697968771174,7000,37710,0.0003771,0.0072167914515069,0.1194388765994875
441,1,100,15,4,inf,deli,2,2.0,0.5,8.0,0.7,423.3699086373672,True,False,0.0076677275402978,7000,37718,0.00037718,0.0026405420526149,0.1218722089022177
442,2,100,15,4,inf,deli,2,2.0,0.5,8.0,0.7,423.9187929388136,True,False,0.035406262379775,7000,37725,0.00037725,0.0011124783110386,0.1245437268895997
443,3,100,15,4,inf,deli,2,2.0,0.5,8.0,0.7,420.17792579811066,True,False,0.0219522288854983,7000,37697,0.00037697,0.003684787510391,0.1228464819789984
444,4,100,15,4,inf,deli,2,2.0,0.5,8.0,0.7,424.94936916138977,True,False,0.010092671921311,7000,37712,0.00037712,0.0030496916246957,0.1246201313159422
445,5,100,15,4,inf,deli,2,2.0,0.5,8.0,0.7,424.5576326409355,True,False,0.3121984901465066,7000,37719,0.00037719,0.0302992300935886,0.1205481063142896
446,6,100,15,4,inf,deli,2,2.0,0.5,8.0,0.7,423.53170959465206,True,False,0.2845982998169709,7000,37714,0.00037714,0.0043470373823315,0.1222044041788708
447,7,100,15,4,inf,deli,2,2.0,0.5,8.0,0.7,423.5068458421156,True,False,0.0060127689569094,7000,37727,0.00037727,0.0016784293183142,0.1223869768988584
448,8,100,15,4,inf,deli,2,2.0,0.5,8.0,0.7,420.1167783653364,True,False,0.0224593056476699,7000,37701,0.00037701,0.0035496458114667,0.1135675313632781
449,9,100,15,4,inf,deli,2,2.0,0.5,8.0,0.7,421.578556845896,True,False,0.0188199733468107,7000,37711,0.00037711,0.0053264098098697,0.1238667590045072
450,0,100,15,4,inf,deli,2,2.0,0.5,8.0,0.4,527.5381442569196,False,False,0.1004138704662816,4000,31891,0.00031891,0.0157010634797701,0.1257310489966183
451,1,100,15,4,inf,deli,2,2.0,0.5,8.0,0.4,528.4048829935491,False,False,0.0368603164935949,4000,31907,0.00031907,0.0084318370937904,0.1221285148751014
452,2,100,15,4,inf,deli,2,2.0,0.5,8.0,0.4,526.1961153969169,False,False,0.0508283058205489,4000,31900,0.000319,0.0097386694569503,0.1261000588480752
453,3,100,15,4,inf,deli,2,2.0,0.5,8.0,0.4,528.8038749918342,False,False,0.0710011525685471,4000,31890,0.0003189,0.0129513848943191,0.1230856803692587
454,4,100,15,4,inf,deli,2,2.0,0.5,8.0,0.4,505.4300458990037,False,False,0.1655705972164928,4000,31911,0.00031911,0.0310471483453493,0.1137720994027701
455,5,100,15,4,inf,deli,2,2.0,0.5,8.0,0.4,508.386123303324,False,False,0.0899500114357016,4000,31921,0.00031921,0.014527593816329,0.1211256141371801
456,6,100,15,4,inf,deli,2,2.0,0.5,8.0,0.4,525.6997914724052,False,False,0.2864638048814065,4000,31883,0.00031883,0.0186729527576932,0.1211282014127469
457,7,100,15,4,inf,deli,2,2.0,0.5,8.0,0.4,529.5450196787715,False,False,0.0317880176709386,4000,31897,0.00031897,0.0088440001559439,0.1177157326798462
458,8,100,15,4,inf,deli,2,2.0,0.5,8.0,0.4,526.2653920724988,False,False,0.091984663911866,4000,31913,0.00031913,0.0130089225203901,0.1245420838919098
459,9,100,15,4,inf,deli,2,2.0,0.5,8.0,0.4,525.9129709079862,False,False,0.022554523314563,4000,31901,0.00031901,0.0061964346568904,0.1190340578319931
460,0,100,5,4,inf,deli,2,2.0,0.5,8.0,0.5,497.4923587553203,True,False,0.0043886657500137,5000,17917,0.00017917,0.0009588340247285,0.1110269090329534
461,1,100,5,4,inf,deli,2,2.0,0.5,8.0,0.5,493.3830742780119,True,False,0.0385338019808072,5000,17915,0.00017915,0.0134906878292519,0.1173385807857895
462,2,100,5,4,inf,deli,2,2.0,0.5,8.0,0.5,496.1437290403992,True,False,0.006359988938392,5000,17918,0.00017918,0.0005675304787977,0.1150672583417726
463,3,100,5,4,inf,deli,2,2.0,0.5,8.0,0.5,497.2418130561709,True,False,0.0878580636132128,5000,17917,0.00017917,0.0131839857286147,0.1173471749584485
464,4,100,5,4,inf,deli,2,2.0,0.5,8.0,0.5,414.7806873396039,True,False,0.0007630374547121,5000,17923,0.00017923,0.0001717715652032,0.1069454615820006
465,5,100,5,4,inf,deli,2,2.0,0.5,8.0,0.5,490.3008533716202,True,False,0.0271141230527843,5000,17922,0.00017922,0.0044122059525363,0.1104864964871124
466,6,100,5,4,inf,deli,2,2.0,0.5,8.0,0.5,482.9971820060164,True,False,0.001562188290167,5000,17919,0.00017919,0.0005404782969189,0.1156365184350309
467,7,100,5,4,inf,deli,2,2.0,0.5,8.0,0.5,416.7439095489681,True,False,0.0041799298650432,5000,17914,0.00017914,0.0006137493805633,0.115688873653828
468,8,100,5,4,inf,deli,2,2.0,0.5,8.0,0.5,498.79481199756265,True,False,0.0047648604251566,5000,17913,0.00017913,0.0011721667884562,0.1178303409263677
469,9,100,5,4,inf,deli,2,2.0,0.5,8.0,0.5,494.2730126958341,True,False,0.0047087157246178,5000,17925,0.00017925,0.0005226298797687,0.1045612322584857
470,0,100,10,4,inf,deli,2,2.0,0.5,8.0,0.3,414.5424288529903,True,False,0.1282028114551259,3000,21877,0.00021877,0.033619461509061,0.1193751240130436
471,1,100,10,4,inf,deli,2,2.0,0.5,8.0,0.3,420.5642336439341,True,False,0.2249946916129606,3000,21868,0.00021868,0.0262410394578284,0.1173901052791214
472,2,100,10,4,inf,deli,2,2.0,0.5,8.0,0.3,385.34924578666687,True,False,0.0561689210258781,3000,21868,0.00021868,0.0175016861797062,0.1239533722368323
473,3,100,10,4,inf,deli,2,2.0,0.5,8.0,0.3,416.50511704571545,True,False,0.1262170615077414,3000,21872,0.00021872,0.0276964429980974,0.1265927191287753
474,4,100,10,4,inf,deli,2,2.0,0.5,8.0,0.3,313.4095446970314,True,False,0.456201722737764,3000,21872,0.00021872,0.0316414480147129,0.1259056404268308
475,5,100,10,4,inf,deli,2,2.0,0.5,8.0,0.3,313.84389259293675,True,False,0.1902917412241629,3000,21866,0.00021866,0.0173918180663651,0.1186401443275141
476,6,100,10,4,inf,deli,2,2.0,0.5,8.0,0.3,418.42610343173146,True,False,0.0358046803179942,3000,21876,0.00021876,0.0101087336939396,0.1214274039076784
477,7,100,10,4,inf,deli,2,2.0,0.5,8.0,0.3,405.3885285053402,True,False,0.1469501087182647,3000,21882,0.00021882,0.0299903935276492,0.1147607684083426
478,8,100,10,4,inf,deli,2,2.0,0.5,8.0,0.3,392.6761440616101,True,False,0.1771933648608042,3000,21881,0.00021881,0.0316977181720406,0.1128817342655842
479,9,100,10,4,inf,deli,2,2.0,0.5,8.0,0.3,419.5074268449098,True,False,0.0837523736714634,3000,21868,0.00021868,0.0274914798623746,0.1153282110626926
